Workbook

Sheet Comparatif
A1: Informations sur le comparatif analytique
A2: Préleveur : | H2: Date du comparatif :
A3: Le comparatif est-il effectué à partir des prélévements d'une autre station ? | H3: Dans l'affirmative, préciser la station :
A5: Les analyses sont-elles correctement effectuées ?
A6: Nom du(des) laboratoire(s) réalisant les analyses de la matrice eau :
A7: Nom du(des) laboratoire(s) réalisant l'analyse de la siccité des boues et des matières séches :
A8: Le(s) laboratoire(s) est/sont-il(s) agréé(s) au titre du code de l’environnement pour l'ensemble des paramètres de la matrice eau résiduaire ?
A9: A défaut, est ce que le laboratoire réalise un exercice concluant d’intercalibration avec un laboratoire agréé ?
A11: Résultats du comparatif analytique
A12: Paramètres | C12: LQ en mg/l | D12: Laboratoire du Maître d'Ouvrage/exploitant | F12: COFRAC | G12: Laboratoire de contrôle | I12: COFRAC | J12: Nombre d'analyses réalisées | L12: Nombre d'analyses conformes | N12: Coefficient Analytique
J13: =COUNTA(D15:E24) -> 0 | L13: =COUNTIF(L15:M24,"=Oui") -> 0 | Q13: =IF(D2<>"",D2,"") | R13: =IF(Q13<>"",J13,"") | S13: =IF(Q13<>"",L13,"") | T13: =IF(J13>0,100*(L13/J13),"")
J14: Ecart (%) | L14: Conformité | N14: EMT
A15: DBO5 | C15: =VLOOKUP(A15, 'SeuilsComparaison-EMT'!$C$5:$E$28, 3, FALSE) -> 3 | J15: =IF(OR(G15="",D15=""),"",IF(ISERROR(VLOOKUP(A15,'SeuilsComparaison-EMT'!$C$5:$J$25,4,FALSE)),"-",IF(OR(IF(ISTEXT(G15)=TRUE,SUBSTITUTE(G15,"<","",1)*1,G15)>VLOOKUP(A15,'SeuilsComparaison-EMT'!$C$5:$J$25,4,FALSE),IF(ISTEXT(D15)=TRUE,SUBSTITUTE(D15,"<","",1)*1,D15)>VLOOKUP(A15,'SeuilsComparaison-EMT'!$C$5:$J$25,4,FALSE)=TRUE),(IF(ISTEXT(D15)=TRUE,SUBSTITUTE(D15,"<","",1)*1,D15)-((IF(ISTEXT(D15)=TRUE,SUBSTITUTE(D15,"<","",1)*1,D15)+IF(ISTEXT(G15)=TRUE,SUBSTITUTE(G15,"<","",1)*1,G15))/2))/((IF(ISTEXT(D15)=TRUE,SUBSTITUTE(D15,"<","",1)*1,D15)+IF(ISTEXT(G15)=TRUE,SUBSTITUTE(G15,"<","",1),G15))/2),"-"))) | L15: =IF(OR(D15="",G15=""),"",IF(AND(F15="Oui",I15="Oui"),"Oui",IF(J15="-","Oui",IF(OR(G15>VLOOKUP(A15,'SeuilsComparaison-EMT'!$C$5:$J$27,4,FALSE),D15>VLOOKUP(A15,'SeuilsComparaison-EMT'!$C$5:$J$27,4,FALSE)=TRUE),IF(G15<=VLOOKUP(A15,'SeuilsComparaison-EMT'!$C$5:$J$27,5,FALSE),IF(ABS(J15)<=VLOOKUP(A15,'SeuilsComparaison-EMT'!$C$5:$J$27,6,FALSE),"Oui","Non"),IF(ABS(J15)<=VLOOKUP(A15,'SeuilsComparaison-EMT'!$C$5:$J$27,8,FALSE),"Oui","Non")),"Oui")))) | N15: =IF(OR(AND(ISNUMBER(D15),D15>VLOOKUP(A15,'SeuilsComparaison-EMT'!$C$5:$J$27,4,FALSE)),AND(ISNUMBER(G15),G15>VLOOKUP(A15,'SeuilsComparaison-EMT'!$C$5:$J$27,4,FALSE))),IF(AVERAGE(D15,G15)<=VLOOKUP(A15,'SeuilsComparaison-EMT'!$C$5:$J$27,5,FALSE),VLOOKUP(A15,'SeuilsComparaison-EMT'!$C$5:$J$27,6,FALSE),VLOOKUP(A15,'SeuilsComparaison-EMT'!$C$5:$J$27,8,FALSE)),"")
A16: DCO | C16: =VLOOKUP(A16, 'SeuilsComparaison-EMT'!$C$5:$E$28, 3, FALSE) -> 30 | J16: =IF(OR(G16="",D16=""),"",IF(ISERROR(VLOOKUP(A16,'SeuilsComparaison-EMT'!$C$5:$J$25,4,FALSE)),"-",IF(OR(IF(ISTEXT(G16)=TRUE,SUBSTITUTE(G16,"<","",1)*1,G16)>VLOOKUP(A16,'SeuilsComparaison-EMT'!$C$5:$J$25,4,FALSE),IF(ISTEXT(D16)=TRUE,SUBSTITUTE(D16,"<","",1)*1,D16)>VLOOKUP(A16,'SeuilsComparaison-EMT'!$C$5:$J$25,4,FALSE)=TRUE),(IF(ISTEXT(D16)=TRUE,SUBSTITUTE(D16,"<","",1)*1,D16)-((IF(ISTEXT(D16)=TRUE,SUBSTITUTE(D16,"<","",1)*1,D16)+IF(ISTEXT(G16)=TRUE,SUBSTITUTE(G16,"<","",1)*1,G16))/2))/((IF(ISTEXT(D16)=TRUE,SUBSTITUTE(D16,"<","",1)*1,D16)+IF(ISTEXT(G16)=TRUE,SUBSTITUTE(G16,"<","",1),G16))/2),"-"))) | L16: =IF(OR(D16="",G16=""),"",IF(AND(F16="Oui",I16="Oui"),"Oui",IF(J16="-","Oui",IF(OR(G16>VLOOKUP(A16,'SeuilsComparaison-EMT'!$C$5:$J$27,4,FALSE),D16>VLOOKUP(A16,'SeuilsComparaison-EMT'!$C$5:$J$27,4,FALSE)=TRUE),IF(G16<=VLOOKUP(A16,'SeuilsComparaison-EMT'!$C$5:$J$27,5,FALSE),IF(ABS(J16)<=VLOOKUP(A16,'SeuilsComparaison-EMT'!$C$5:$J$27,6,FALSE),"Oui","Non"),IF(ABS(J16)<=VLOOKUP(A16,'SeuilsComparaison-EMT'!$C$5:$J$27,8,FALSE),"Oui","Non")),"Oui")))) | N16: =IF(OR(AND(ISNUMBER(D16),D16>VLOOKUP(A16,'SeuilsComparaison-EMT'!$C$5:$J$27,4,FALSE)),AND(ISNUMBER(G16),G16>VLOOKUP(A16,'SeuilsComparaison-EMT'!$C$5:$J$27,4,FALSE))),IF(AVERAGE(D16,G16)<=VLOOKUP(A16,'SeuilsComparaison-EMT'!$C$5:$J$27,5,FALSE),VLOOKUP(A16,'SeuilsComparaison-EMT'!$C$5:$J$27,6,FALSE),VLOOKUP(A16,'SeuilsComparaison-EMT'!$C$5:$J$27,8,FALSE)),"")
A17: ST DCO | C17: =VLOOKUP(A17, 'SeuilsComparaison-EMT'!$C$5:$E$28, 3, FALSE) -> 10 | J17: =IF(OR(G17="",D17=""),"",IF(ISERROR(VLOOKUP(A17,'SeuilsComparaison-EMT'!$C$5:$J$25,4,FALSE)),"-",IF(OR(IF(ISTEXT(G17)=TRUE,SUBSTITUTE(G17,"<","",1)*1,G17)>VLOOKUP(A17,'SeuilsComparaison-EMT'!$C$5:$J$25,4,FALSE),IF(ISTEXT(D17)=TRUE,SUBSTITUTE(D17,"<","",1)*1,D17)>VLOOKUP(A17,'SeuilsComparaison-EMT'!$C$5:$J$25,4,FALSE)=TRUE),(IF(ISTEXT(D17)=TRUE,SUBSTITUTE(D17,"<","",1)*1,D17)-((IF(ISTEXT(D17)=TRUE,SUBSTITUTE(D17,"<","",1)*1,D17)+IF(ISTEXT(G17)=TRUE,SUBSTITUTE(G17,"<","",1)*1,G17))/2))/((IF(ISTEXT(D17)=TRUE,SUBSTITUTE(D17,"<","",1)*1,D17)+IF(ISTEXT(G17)=TRUE,SUBSTITUTE(G17,"<","",1),G17))/2),"-"))) | L17: =IF(OR(D17="",G17=""),"",IF(AND(F17="Oui",I17="Oui"),"Oui",IF(J17="-","Oui",IF(OR(G17>VLOOKUP(A17,'SeuilsComparaison-EMT'!$C$5:$J$27,4,FALSE),D17>VLOOKUP(A17,'SeuilsComparaison-EMT'!$C$5:$J$27,4,FALSE)=TRUE),IF(G17<=VLOOKUP(A17,'SeuilsComparaison-EMT'!$C$5:$J$27,5,FALSE),IF(ABS(J17)<=VLOOKUP(A17,'SeuilsComparaison-EMT'!$C$5:$J$27,6,FALSE),"Oui","Non"),IF(ABS(J17)<=VLOOKUP(A17,'SeuilsComparaison-EMT'!$C$5:$J$27,8,FALSE),"Oui","Non")),"Oui")))) | N17: =IF(OR(AND(ISNUMBER(D17),D17>VLOOKUP(A17,'SeuilsComparaison-EMT'!$C$5:$J$27,4,FALSE)),AND(ISNUMBER(G17),G17>VLOOKUP(A17,'SeuilsComparaison-EMT'!$C$5:$J$27,4,FALSE))),IF(AVERAGE(D17,G17)<=VLOOKUP(A17,'SeuilsComparaison-EMT'!$C$5:$J$27,5,FALSE),VLOOKUP(A17,'SeuilsComparaison-EMT'!$C$5:$J$27,6,FALSE),VLOOKUP(A17,'SeuilsComparaison-EMT'!$C$5:$J$27,8,FALSE)),"")
A18: MEST | C18: =VLOOKUP(A18, 'SeuilsComparaison-EMT'!$C$5:$E$28, 3, FALSE) -> 2 | J18: =IF(OR(G18="",D18=""),"",IF(ISERROR(VLOOKUP(A18,'SeuilsComparaison-EMT'!$C$5:$J$25,4,FALSE)),"-",IF(OR(IF(ISTEXT(G18)=TRUE,SUBSTITUTE(G18,"<","",1)*1,G18)>VLOOKUP(A18,'SeuilsComparaison-EMT'!$C$5:$J$25,4,FALSE),IF(ISTEXT(D18)=TRUE,SUBSTITUTE(D18,"<","",1)*1,D18)>VLOOKUP(A18,'SeuilsComparaison-EMT'!$C$5:$J$25,4,FALSE)=TRUE),(IF(ISTEXT(D18)=TRUE,SUBSTITUTE(D18,"<","",1)*1,D18)-((IF(ISTEXT(D18)=TRUE,SUBSTITUTE(D18,"<","",1)*1,D18)+IF(ISTEXT(G18)=TRUE,SUBSTITUTE(G18,"<","",1)*1,G18))/2))/((IF(ISTEXT(D18)=TRUE,SUBSTITUTE(D18,"<","",1)*1,D18)+IF(ISTEXT(G18)=TRUE,SUBSTITUTE(G18,"<","",1),G18))/2),"-"))) | L18: =IF(OR(D18="",G18=""),"",IF(AND(F18="Oui",I18="Oui"),"Oui",IF(J18="-","Oui",IF(OR(G18>VLOOKUP(A18,'SeuilsComparaison-EMT'!$C$5:$J$27,4,FALSE),D18>VLOOKUP(A18,'SeuilsComparaison-EMT'!$C$5:$J$27,4,FALSE)=TRUE),IF(G18<=VLOOKUP(A18,'SeuilsComparaison-EMT'!$C$5:$J$27,5,FALSE),IF(ABS(J18)<=VLOOKUP(A18,'SeuilsComparaison-EMT'!$C$5:$J$27,6,FALSE),"Oui","Non"),IF(ABS(J18)<=VLOOKUP(A18,'SeuilsComparaison-EMT'!$C$5:$J$27,8,FALSE),"Oui","Non")),"Oui")))) | N18: =IF(OR(AND(ISNUMBER(D18),D18>VLOOKUP(A18,'SeuilsComparaison-EMT'!$C$5:$J$27,4,FALSE)),AND(ISNUMBER(G18),G18>VLOOKUP(A18,'SeuilsComparaison-EMT'!$C$5:$J$27,4,FALSE))),IF(AVERAGE(D18,G18)<=VLOOKUP(A18,'SeuilsComparaison-EMT'!$C$5:$J$27,5,FALSE),VLOOKUP(A18,'SeuilsComparaison-EMT'!$C$5:$J$27,6,FALSE),VLOOKUP(A18,'SeuilsComparaison-EMT'!$C$5:$J$27,8,FALSE)),"")
A19: NKJ (N) | C19: =VLOOKUP(A19, 'SeuilsComparaison-EMT'!$C$5:$E$28, 3, FALSE) -> 0.5 | J19: =IF(OR(G19="",D19=""),"",IF(ISERROR(VLOOKUP(A19,'SeuilsComparaison-EMT'!$C$5:$J$25,4,FALSE)),"-",IF(OR(IF(ISTEXT(G19)=TRUE,SUBSTITUTE(G19,"<","",1)*1,G19)>VLOOKUP(A19,'SeuilsComparaison-EMT'!$C$5:$J$25,4,FALSE),IF(ISTEXT(D19)=TRUE,SUBSTITUTE(D19,"<","",1)*1,D19)>VLOOKUP(A19,'SeuilsComparaison-EMT'!$C$5:$J$25,4,FALSE)=TRUE),(IF(ISTEXT(D19)=TRUE,SUBSTITUTE(D19,"<","",1)*1,D19)-((IF(ISTEXT(D19)=TRUE,SUBSTITUTE(D19,"<","",1)*1,D19)+IF(ISTEXT(G19)=TRUE,SUBSTITUTE(G19,"<","",1)*1,G19))/2))/((IF(ISTEXT(D19)=TRUE,SUBSTITUTE(D19,"<","",1)*1,D19)+IF(ISTEXT(G19)=TRUE,SUBSTITUTE(G19,"<","",1),G19))/2),"-"))) | L19: =IF(OR(D19="",G19=""),"",IF(AND(F19="Oui",I19="Oui"),"Oui",IF(J19="-","Oui",IF(OR(G19>VLOOKUP(A19,'SeuilsComparaison-EMT'!$C$5:$J$27,4,FALSE),D19>VLOOKUP(A19,'SeuilsComparaison-EMT'!$C$5:$J$27,4,FALSE)=TRUE),IF(G19<=VLOOKUP(A19,'SeuilsComparaison-EMT'!$C$5:$J$27,5,FALSE),IF(ABS(J19)<=VLOOKUP(A19,'SeuilsComparaison-EMT'!$C$5:$J$27,6,FALSE),"Oui","Non"),IF(ABS(J19)<=VLOOKUP(A19,'SeuilsComparaison-EMT'!$C$5:$J$27,8,FALSE),"Oui","Non")),"Oui")))) | N19: =IF(OR(AND(ISNUMBER(D19),D19>VLOOKUP(A19,'SeuilsComparaison-EMT'!$C$5:$J$27,4,FALSE)),AND(ISNUMBER(G19),G19>VLOOKUP(A19,'SeuilsComparaison-EMT'!$C$5:$J$27,4,FALSE))),IF(AVERAGE(D19,G19)<=VLOOKUP(A19,'SeuilsComparaison-EMT'!$C$5:$J$27,5,FALSE),VLOOKUP(A19,'SeuilsComparaison-EMT'!$C$5:$J$27,6,FALSE),VLOOKUP(A19,'SeuilsComparaison-EMT'!$C$5:$J$27,8,FALSE)),"")
A20: NGL | C20: =VLOOKUP(A20, 'SeuilsComparaison-EMT'!$C$5:$E$28, 3, FALSE) -> 1 | J20: =IF(OR(G20="",D20=""),"",IF(ISERROR(VLOOKUP(A20,'SeuilsComparaison-EMT'!$C$5:$J$25,4,FALSE)),"-",IF(OR(IF(ISTEXT(G20)=TRUE,SUBSTITUTE(G20,"<","",1)*1,G20)>VLOOKUP(A20,'SeuilsComparaison-EMT'!$C$5:$J$25,4,FALSE),IF(ISTEXT(D20)=TRUE,SUBSTITUTE(D20,"<","",1)*1,D20)>VLOOKUP(A20,'SeuilsComparaison-EMT'!$C$5:$J$25,4,FALSE)=TRUE),(IF(ISTEXT(D20)=TRUE,SUBSTITUTE(D20,"<","",1)*1,D20)-((IF(ISTEXT(D20)=TRUE,SUBSTITUTE(D20,"<","",1)*1,D20)+IF(ISTEXT(G20)=TRUE,SUBSTITUTE(G20,"<","",1)*1,G20))/2))/((IF(ISTEXT(D20)=TRUE,SUBSTITUTE(D20,"<","",1)*1,D20)+IF(ISTEXT(G20)=TRUE,SUBSTITUTE(G20,"<","",1),G20))/2),"-"))) | L20: =IF(OR(D20="",G20=""),"",IF(AND(F20="Oui",I20="Oui"),"Oui",IF(J20="-","Oui",IF(OR(G20>VLOOKUP(A20,'SeuilsComparaison-EMT'!$C$5:$J$27,4,FALSE),D20>VLOOKUP(A20,'SeuilsComparaison-EMT'!$C$5:$J$27,4,FALSE)=TRUE),IF(G20<=VLOOKUP(A20,'SeuilsComparaison-EMT'!$C$5:$J$27,5,FALSE),IF(ABS(J20)<=VLOOKUP(A20,'SeuilsComparaison-EMT'!$C$5:$J$27,6,FALSE),"Oui","Non"),IF(ABS(J20)<=VLOOKUP(A20,'SeuilsComparaison-EMT'!$C$5:$J$27,8,FALSE),"Oui","Non")),"Oui")))) | N20: =IF(OR(AND(ISNUMBER(D20),D20>VLOOKUP(A20,'SeuilsComparaison-EMT'!$C$5:$J$27,4,FALSE)),AND(ISNUMBER(G20),G20>VLOOKUP(A20,'SeuilsComparaison-EMT'!$C$5:$J$27,4,FALSE))),IF(AVERAGE(D20,G20)<=VLOOKUP(A20,'SeuilsComparaison-EMT'!$C$5:$J$27,5,FALSE),VLOOKUP(A20,'SeuilsComparaison-EMT'!$C$5:$J$27,6,FALSE),VLOOKUP(A20,'SeuilsComparaison-EMT'!$C$5:$J$27,8,FALSE)),"")
A21: NH4 (NH4) | C21: =VLOOKUP(A21, 'SeuilsComparaison-EMT'!$C$5:$E$28, 3, FALSE) -> 0.5 | J21: =IF(OR(G21="",D21=""),"",IF(ISERROR(VLOOKUP(A21,'SeuilsComparaison-EMT'!$C$5:$J$25,4,FALSE)),"-",IF(OR(IF(ISTEXT(G21)=TRUE,SUBSTITUTE(G21,"<","",1)*1,G21)>VLOOKUP(A21,'SeuilsComparaison-EMT'!$C$5:$J$25,4,FALSE),IF(ISTEXT(D21)=TRUE,SUBSTITUTE(D21,"<","",1)*1,D21)>VLOOKUP(A21,'SeuilsComparaison-EMT'!$C$5:$J$25,4,FALSE)=TRUE),(IF(ISTEXT(D21)=TRUE,SUBSTITUTE(D21,"<","",1)*1,D21)-((IF(ISTEXT(D21)=TRUE,SUBSTITUTE(D21,"<","",1)*1,D21)+IF(ISTEXT(G21)=TRUE,SUBSTITUTE(G21,"<","",1)*1,G21))/2))/((IF(ISTEXT(D21)=TRUE,SUBSTITUTE(D21,"<","",1)*1,D21)+IF(ISTEXT(G21)=TRUE,SUBSTITUTE(G21,"<","",1),G21))/2),"-"))) | L21: =IF(OR(D21="",G21=""),"",IF(AND(F21="Oui",I21="Oui"),"Oui",IF(J21="-","Oui",IF(OR(G21>VLOOKUP(A21,'SeuilsComparaison-EMT'!$C$5:$J$27,4,FALSE),D21>VLOOKUP(A21,'SeuilsComparaison-EMT'!$C$5:$J$27,4,FALSE)=TRUE),IF(G21<=VLOOKUP(A21,'SeuilsComparaison-EMT'!$C$5:$J$27,5,FALSE),IF(ABS(J21)<=VLOOKUP(A21,'SeuilsComparaison-EMT'!$C$5:$J$27,6,FALSE),"Oui","Non"),IF(ABS(J21)<=VLOOKUP(A21,'SeuilsComparaison-EMT'!$C$5:$J$27,8,FALSE),"Oui","Non")),"Oui")))) | N21: =IF(OR(AND(ISNUMBER(D21),D21>VLOOKUP(A21,'SeuilsComparaison-EMT'!$C$5:$J$27,4,FALSE)),AND(ISNUMBER(G21),G21>VLOOKUP(A21,'SeuilsComparaison-EMT'!$C$5:$J$27,4,FALSE))),IF(AVERAGE(D21,G21)<=VLOOKUP(A21,'SeuilsComparaison-EMT'!$C$5:$J$27,5,FALSE),VLOOKUP(A21,'SeuilsComparaison-EMT'!$C$5:$J$27,6,FALSE),VLOOKUP(A21,'SeuilsComparaison-EMT'!$C$5:$J$27,8,FALSE)),"")
A22: NO2 (NO2) | C22: =VLOOKUP(A22, 'SeuilsComparaison-EMT'!$C$5:$E$28, 3, FALSE) -> 0.05 | J22: =IF(OR(G22="",D22=""),"",IF(ISERROR(VLOOKUP(A22,'SeuilsComparaison-EMT'!$C$5:$J$25,4,FALSE)),"-",IF(OR(IF(ISTEXT(G22)=TRUE,SUBSTITUTE(G22,"<","",1)*1,G22)>VLOOKUP(A22,'SeuilsComparaison-EMT'!$C$5:$J$25,4,FALSE),IF(ISTEXT(D22)=TRUE,SUBSTITUTE(D22,"<","",1)*1,D22)>VLOOKUP(A22,'SeuilsComparaison-EMT'!$C$5:$J$25,4,FALSE)=TRUE),(IF(ISTEXT(D22)=TRUE,SUBSTITUTE(D22,"<","",1)*1,D22)-((IF(ISTEXT(D22)=TRUE,SUBSTITUTE(D22,"<","",1)*1,D22)+IF(ISTEXT(G22)=TRUE,SUBSTITUTE(G22,"<","",1)*1,G22))/2))/((IF(ISTEXT(D22)=TRUE,SUBSTITUTE(D22,"<","",1)*1,D22)+IF(ISTEXT(G22)=TRUE,SUBSTITUTE(G22,"<","",1),G22))/2),"-"))) | L22: =IF(OR(D22="",G22=""),"",IF(AND(F22="Oui",I22="Oui"),"Oui",IF(J22="-","Oui",IF(OR(G22>VLOOKUP(A22,'SeuilsComparaison-EMT'!$C$5:$J$27,4,FALSE),D22>VLOOKUP(A22,'SeuilsComparaison-EMT'!$C$5:$J$27,4,FALSE)=TRUE),IF(G22<=VLOOKUP(A22,'SeuilsComparaison-EMT'!$C$5:$J$27,5,FALSE),IF(ABS(J22)<=VLOOKUP(A22,'SeuilsComparaison-EMT'!$C$5:$J$27,6,FALSE),"Oui","Non"),IF(ABS(J22)<=VLOOKUP(A22,'SeuilsComparaison-EMT'!$C$5:$J$27,8,FALSE),"Oui","Non")),"Oui")))) | N22: =IF(OR(AND(ISNUMBER(D22),D22>VLOOKUP(A22,'SeuilsComparaison-EMT'!$C$5:$J$27,4,FALSE)),AND(ISNUMBER(G22),G22>VLOOKUP(A22,'SeuilsComparaison-EMT'!$C$5:$J$27,4,FALSE))),IF(AVERAGE(D22,G22)<=VLOOKUP(A22,'SeuilsComparaison-EMT'!$C$5:$J$27,5,FALSE),VLOOKUP(A22,'SeuilsComparaison-EMT'!$C$5:$J$27,6,FALSE),VLOOKUP(A22,'SeuilsComparaison-EMT'!$C$5:$J$27,8,FALSE)),"")
A23: NO3 (NO3) | C23: =VLOOKUP(A23, 'SeuilsComparaison-EMT'!$C$5:$E$28, 3, FALSE) -> 1 | J23: =IF(OR(G23="",D23=""),"",IF(ISERROR(VLOOKUP(A23,'SeuilsComparaison-EMT'!$C$5:$J$25,4,FALSE)),"-",IF(OR(IF(ISTEXT(G23)=TRUE,SUBSTITUTE(G23,"<","",1)*1,G23)>VLOOKUP(A23,'SeuilsComparaison-EMT'!$C$5:$J$25,4,FALSE),IF(ISTEXT(D23)=TRUE,SUBSTITUTE(D23,"<","",1)*1,D23)>VLOOKUP(A23,'SeuilsComparaison-EMT'!$C$5:$J$25,4,FALSE)=TRUE),(IF(ISTEXT(D23)=TRUE,SUBSTITUTE(D23,"<","",1)*1,D23)-((IF(ISTEXT(D23)=TRUE,SUBSTITUTE(D23,"<","",1)*1,D23)+IF(ISTEXT(G23)=TRUE,SUBSTITUTE(G23,"<","",1)*1,G23))/2))/((IF(ISTEXT(D23)=TRUE,SUBSTITUTE(D23,"<","",1)*1,D23)+IF(ISTEXT(G23)=TRUE,SUBSTITUTE(G23,"<","",1),G23))/2),"-"))) | L23: =IF(OR(D23="",G23=""),"",IF(AND(F23="Oui",I23="Oui"),"Oui",IF(J23="-","Oui",IF(OR(G23>VLOOKUP(A23,'SeuilsComparaison-EMT'!$C$5:$J$27,4,FALSE),D23>VLOOKUP(A23,'SeuilsComparaison-EMT'!$C$5:$J$27,4,FALSE)=TRUE),IF(G23<=VLOOKUP(A23,'SeuilsComparaison-EMT'!$C$5:$J$27,5,FALSE),IF(ABS(J23)<=VLOOKUP(A23,'SeuilsComparaison-EMT'!$C$5:$J$27,6,FALSE),"Oui","Non"),IF(ABS(J23)<=VLOOKUP(A23,'SeuilsComparaison-EMT'!$C$5:$J$27,8,FALSE),"Oui","Non")),"Oui")))) | N23: =IF(OR(AND(ISNUMBER(D23),D23>VLOOKUP(A23,'SeuilsComparaison-EMT'!$C$5:$J$27,4,FALSE)),AND(ISNUMBER(G23),G23>VLOOKUP(A23,'SeuilsComparaison-EMT'!$C$5:$J$27,4,FALSE))),IF(AVERAGE(D23,G23)<=VLOOKUP(A23,'SeuilsComparaison-EMT'!$C$5:$J$27,5,FALSE),VLOOKUP(A23,'SeuilsComparaison-EMT'!$C$5:$J$27,6,FALSE),VLOOKUP(A23,'SeuilsComparaison-EMT'!$C$5:$J$27,8,FALSE)),"")
A24: PT | C24: =VLOOKUP(A24, 'SeuilsComparaison-EMT'!$C$5:$E$28, 3, FALSE) -> 0.05 | J24: =IF(OR(G24="",D24=""),"",IF(ISERROR(VLOOKUP(A24,'SeuilsComparaison-EMT'!$C$5:$J$25,4,FALSE)),"-",IF(OR(IF(ISTEXT(G24)=TRUE,SUBSTITUTE(G24,"<","",1)*1,G24)>VLOOKUP(A24,'SeuilsComparaison-EMT'!$C$5:$J$25,4,FALSE),IF(ISTEXT(D24)=TRUE,SUBSTITUTE(D24,"<","",1)*1,D24)>VLOOKUP(A24,'SeuilsComparaison-EMT'!$C$5:$J$25,4,FALSE)=TRUE),(IF(ISTEXT(D24)=TRUE,SUBSTITUTE(D24,"<","",1)*1,D24)-((IF(ISTEXT(D24)=TRUE,SUBSTITUTE(D24,"<","",1)*1,D24)+IF(ISTEXT(G24)=TRUE,SUBSTITUTE(G24,"<","",1)*1,G24))/2))/((IF(ISTEXT(D24)=TRUE,SUBSTITUTE(D24,"<","",1)*1,D24)+IF(ISTEXT(G24)=TRUE,SUBSTITUTE(G24,"<","",1),G24))/2),"-"))) | L24: =IF(OR(D24="",G24=""),"",IF(AND(F24="Oui",I24="Oui"),"Oui",IF(J24="-","Oui",IF(OR(G24>VLOOKUP(A24,'SeuilsComparaison-EMT'!$C$5:$J$27,4,FALSE),D24>VLOOKUP(A24,'SeuilsComparaison-EMT'!$C$5:$J$27,4,FALSE)=TRUE),IF(G24<=VLOOKUP(A24,'SeuilsComparaison-EMT'!$C$5:$J$27,5,FALSE),IF(ABS(J24)<=VLOOKUP(A24,'SeuilsComparaison-EMT'!$C$5:$J$27,6,FALSE),"Oui","Non"),IF(ABS(J24)<=VLOOKUP(A24,'SeuilsComparaison-EMT'!$C$5:$J$27,8,FALSE),"Oui","Non")),"Oui")))) | N24: =IF(OR(AND(ISNUMBER(D24),D24>VLOOKUP(A24,'SeuilsComparaison-EMT'!$C$5:$J$27,4,FALSE)),AND(ISNUMBER(G24),G24>VLOOKUP(A24,'SeuilsComparaison-EMT'!$C$5:$J$27,4,FALSE))),IF(AVERAGE(D24,G24)<=VLOOKUP(A24,'SeuilsComparaison-EMT'!$C$5:$J$27,5,FALSE),VLOOKUP(A24,'SeuilsComparaison-EMT'!$C$5:$J$27,6,FALSE),VLOOKUP(A24,'SeuilsComparaison-EMT'!$C$5:$J$27,8,FALSE)),"")
A25: Conductivité | C25: =VLOOKUP(A25, 'SeuilsComparaison-EMT'!$C$5:$E$28, 3, FALSE) -> 0 | J25: =IF(OR(G25="",D25=""),"",IF(ISERROR(VLOOKUP(A25,'SeuilsComparaison-EMT'!$C$5:$J$25,4,FALSE)),"-",IF(OR(IF(ISTEXT(G25)=TRUE,SUBSTITUTE(G25,"<","",1)*1,G25)>VLOOKUP(A25,'SeuilsComparaison-EMT'!$C$5:$J$25,4,FALSE),IF(ISTEXT(D25)=TRUE,SUBSTITUTE(D25,"<","",1)*1,D25)>VLOOKUP(A25,'SeuilsComparaison-EMT'!$C$5:$J$25,4,FALSE)=TRUE),(IF(ISTEXT(D25)=TRUE,SUBSTITUTE(D25,"<","",1)*1,D25)-((IF(ISTEXT(D25)=TRUE,SUBSTITUTE(D25,"<","",1)*1,D25)+IF(ISTEXT(G25)=TRUE,SUBSTITUTE(G25,"<","",1)*1,G25))/2))/((IF(ISTEXT(D25)=TRUE,SUBSTITUTE(D25,"<","",1)*1,D25)+IF(ISTEXT(G25)=TRUE,SUBSTITUTE(G25,"<","",1),G25))/2),"-"))) | L25: =IF(OR(D25="",G25=""),"",IF(AND(F25="Oui",I25="Oui"),"Oui",IF(J25="-","Oui",IF(OR(G25>VLOOKUP(A25,'SeuilsComparaison-EMT'!$C$5:$J$27,4,FALSE),D25>VLOOKUP(A25,'SeuilsComparaison-EMT'!$C$5:$J$27,4,FALSE)=TRUE),IF(G25<=VLOOKUP(A25,'SeuilsComparaison-EMT'!$C$5:$J$27,5,FALSE),IF(ABS(J25)<=VLOOKUP(A25,'SeuilsComparaison-EMT'!$C$5:$J$27,6,FALSE),"Oui","Non"),IF(ABS(J25)<=VLOOKUP(A25,'SeuilsComparaison-EMT'!$C$5:$J$27,8,FALSE),"Oui","Non")),"Oui")))) | N25: =IF(OR(AND(ISNUMBER(D25),D25>VLOOKUP(A25,'SeuilsComparaison-EMT'!$C$5:$J$27,4,FALSE)),AND(ISNUMBER(G25),G25>VLOOKUP(A25,'SeuilsComparaison-EMT'!$C$5:$J$27,4,FALSE))),IF(AVERAGE(D25,G25)<=VLOOKUP(A25,'SeuilsComparaison-EMT'!$C$5:$J$27,5,FALSE),VLOOKUP(A25,'SeuilsComparaison-EMT'!$C$5:$J$27,6,FALSE),VLOOKUP(A25,'SeuilsComparaison-EMT'!$C$5:$J$27,8,FALSE)),"") | O25: non prise en compte
A26: Cl | C26: =VLOOKUP(A26, 'SeuilsComparaison-EMT'!$C$5:$E$28, 3, FALSE) -> 5 | J26: =IF(OR(G26="",D26=""),"",IF(ISERROR(VLOOKUP(A26,'SeuilsComparaison-EMT'!$C$5:$J$25,4,FALSE)),"-",IF(OR(IF(ISTEXT(G26)=TRUE,SUBSTITUTE(G26,"<","",1)*1,G26)>VLOOKUP(A26,'SeuilsComparaison-EMT'!$C$5:$J$25,4,FALSE),IF(ISTEXT(D26)=TRUE,SUBSTITUTE(D26,"<","",1)*1,D26)>VLOOKUP(A26,'SeuilsComparaison-EMT'!$C$5:$J$25,4,FALSE)=TRUE),(IF(ISTEXT(D26)=TRUE,SUBSTITUTE(D26,"<","",1)*1,D26)-((IF(ISTEXT(D26)=TRUE,SUBSTITUTE(D26,"<","",1)*1,D26)+IF(ISTEXT(G26)=TRUE,SUBSTITUTE(G26,"<","",1)*1,G26))/2))/((IF(ISTEXT(D26)=TRUE,SUBSTITUTE(D26,"<","",1)*1,D26)+IF(ISTEXT(G26)=TRUE,SUBSTITUTE(G26,"<","",1),G26))/2),"-"))) | L26: =IF(OR(D26="",G26=""),"",IF(AND(F26="Oui",I26="Oui"),"Oui",IF(J26="-","Oui",IF(OR(G26>VLOOKUP(A26,'SeuilsComparaison-EMT'!$C$5:$J$27,4,FALSE),D26>VLOOKUP(A26,'SeuilsComparaison-EMT'!$C$5:$J$27,4,FALSE)=TRUE),IF(G26<=VLOOKUP(A26,'SeuilsComparaison-EMT'!$C$5:$J$27,5,FALSE),IF(ABS(J26)<=VLOOKUP(A26,'SeuilsComparaison-EMT'!$C$5:$J$27,6,FALSE),"Oui","Non"),IF(ABS(J26)<=VLOOKUP(A26,'SeuilsComparaison-EMT'!$C$5:$J$27,8,FALSE),"Oui","Non")),"Oui")))) | N26: =IF(OR(AND(ISNUMBER(D26),D26>VLOOKUP(A26,'SeuilsComparaison-EMT'!$C$5:$J$27,4,FALSE)),AND(ISNUMBER(G26),G26>VLOOKUP(A26,'SeuilsComparaison-EMT'!$C$5:$J$27,4,FALSE))),IF(AVERAGE(D26,G26)<=VLOOKUP(A26,'SeuilsComparaison-EMT'!$C$5:$J$27,5,FALSE),VLOOKUP(A26,'SeuilsComparaison-EMT'!$C$5:$J$27,6,FALSE),VLOOKUP(A26,'SeuilsComparaison-EMT'!$C$5:$J$27,8,FALSE)),"") | O26: non prise en compte
A27: MS | C27: =VLOOKUP(A27, 'SeuilsComparaison-EMT'!$C$5:$E$28, 3, FALSE) -> 0 | J27: =IF(OR(G27="",D27=""),"",IF(ISERROR(VLOOKUP(A27,'SeuilsComparaison-EMT'!$C$5:$J$25,4,FALSE)),"-",IF(OR(IF(ISTEXT(G27)=TRUE,SUBSTITUTE(G27,"<","",1)*1,G27)>VLOOKUP(A27,'SeuilsComparaison-EMT'!$C$5:$J$25,4,FALSE),IF(ISTEXT(D27)=TRUE,SUBSTITUTE(D27,"<","",1)*1,D27)>VLOOKUP(A27,'SeuilsComparaison-EMT'!$C$5:$J$25,4,FALSE)=TRUE),(IF(ISTEXT(D27)=TRUE,SUBSTITUTE(D27,"<","",1)*1,D27)-((IF(ISTEXT(D27)=TRUE,SUBSTITUTE(D27,"<","",1)*1,D27)+IF(ISTEXT(G27)=TRUE,SUBSTITUTE(G27,"<","",1)*1,G27))/2))/((IF(ISTEXT(D27)=TRUE,SUBSTITUTE(D27,"<","",1)*1,D27)+IF(ISTEXT(G27)=TRUE,SUBSTITUTE(G27,"<","",1),G27))/2),"-"))) | L27: =IF(OR(D27="",G27=""),"",IF(AND(F27="Oui",I27="Oui"),"Oui",IF(J27="-","Oui",IF(OR(G27>VLOOKUP(A27,'SeuilsComparaison-EMT'!$C$5:$J$27,4,FALSE),D27>VLOOKUP(A27,'SeuilsComparaison-EMT'!$C$5:$J$27,4,FALSE)=TRUE),IF(G27<=VLOOKUP(A27,'SeuilsComparaison-EMT'!$C$5:$J$27,5,FALSE),IF(ABS(J27)<=VLOOKUP(A27,'SeuilsComparaison-EMT'!$C$5:$J$27,6,FALSE),"Oui","Non"),IF(ABS(J27)<=VLOOKUP(A27,'SeuilsComparaison-EMT'!$C$5:$J$27,8,FALSE),"Oui","Non")),"Oui")))) | N27: =IF(OR(AND(ISNUMBER(D27),D27>VLOOKUP(A27,'SeuilsComparaison-EMT'!$C$5:$J$27,4,FALSE)),AND(ISNUMBER(G27),G27>VLOOKUP(A27,'SeuilsComparaison-EMT'!$C$5:$J$27,4,FALSE))),IF(AVERAGE(D27,G27)<=VLOOKUP(A27,'SeuilsComparaison-EMT'!$C$5:$J$27,5,FALSE),VLOOKUP(A27,'SeuilsComparaison-EMT'!$C$5:$J$27,6,FALSE),VLOOKUP(A27,'SeuilsComparaison-EMT'!$C$5:$J$27,8,FALSE)),"") | O27: non prise en compte
A29: COMMENTAIRES :

Sheet SeuilsComparaison-EMT
B2: COMPARATIF ANALYTIQUE : DEFINITION DES ECARTS MAXIMUM TOLERES (EMT)
B4: Code SANDRE | C4: Paramètres | D4: Unités | E4: Limites de quantification | F4: Seuil de comparaison | G4: Concentration supérieure au seuil de comparaison et inférieure ou égale à | H4: Ecart Maximum Toléré | I4: Concentration supérieure à | J4: Ecart Maximum Toléré
B5: 1313 | C5: DBO5 | D5: en mg/l de O2 | E5: 3 | F5: 15 | G5: 80 | H5: 0.3 | I5: 80 | J5: 0.2
B6: 1314 | C6: DCO | D6: en mg/l de O2 | E6: 30 | F6: 80 | G6: 250 | H6: 0.2 | I6: 250 | J6: 0.1
B7: 6396 | C7: ST DCO | D7: en mg/l de O2 | E7: 10 | F7: 20 | G7: 150 | H7: 0.2 | I7: 150 | J7: 0.1
B8: 1305 | C8: MEST | D8: en mg/l | E8: 2 | F8: 15 | G8: 60 | H8: 0.3 | I8: 60 | J8: 0.2
B9: 1319 | C9: NKJ (N) | D9: en mg/l de N | E9: 0.5 | F9: 6 | I9: 6 | J9: 0.1
B10: 1551 | C10: NGL | D10: en mg/l de N | E10: 1 | F10: 6 | I10: 6 | J10: 0.2
B11: 1335 | C11: NH4 (NH4) | D11: en mg/l de NH4+ | E11: 0.5 | F11: 6 | I11: 6 | J11: 0.1
B12: 1339 | C12: NO2 (NO2) | D12: en mg/l de NO2 | E12: 0.05 | F12: 1 | I12: 1 | J12: 0.2
B13: 1340 | C13: NO3 (NO3) | D13: en mg/l de NO3 | E13: 1 | F13: 5 | I13: 5 | J13: 0.2
B14: 1350 | C14: PT | D14: en mg/l de P | E14: 0.05 | F14: 1 | I14: 1 | J14: 0.2
B15: 1369 | C15: As | D15: en mg/l | E15: 0.005 | F15: 0.5 | G15: 1 | H15: 0.6 | I15: 1 | J15: 0.3
B16: 1388 | C16: Cd | D16: en mg/l | E16: 0.001 | F16: 0.5 | G16: 1 | H16: 0.6 | I16: 1 | J16: 0.3
B17: 1389 | C17: Cr | D17: en mg/l | E17: 0.005 | F17: 0.5 | G17: 1 | H17: 0.6 | I17: 1 | J17: 0.3
B18: 1392 | C18: Cu | D18: en mg/l | E18: 0.005 | F18: 0.5 | G18: 1 | H18: 0.6 | I18: 1 | J18: 0.3
B19: 1387 | C19: Hg | D19: en mg/l | E19: 0.0002 | F19: 0.005 | G19: 0.01 | H19: 0.6 | I19: 0.01 | J19: 0.3
B20: 1386 | C20: Ni | D20: en mg/l | E20: 0.005 | F20: 0.5 | G20: 1 | H20: 0.6 | I20: 1 | J20: 0.3
B21: 1382 | C21: Pb | D21: en mg/l | E21: 0.002 | F21: 0.5 | G21: 1 | H21: 0.6 | I21: 1 | J21: 0.3
B22: 1383 | C22: Zn | D22: en mg/l | E22: 0.005 | F22: 0.5 | G22: 1 | H22: 0.6 | I22: 1 | J22: 0.3
B23: 1106 | C23: AOX | D23: en mg/l | E23: 0.01 | F23: 0.05 | G23: 0.5 | H23: 0.6 | I23: 0.5 | J23: 0.3
B24: 1841 | C24: COT | D24: en mg/l | E24: 0.3 | F24: 5 | G24: 15 | H24: 0.3 | I24: 15 | J24: 0.1
B25: 1798 | C25: Conductivité
B26: 1337 | C26: Cl | D26: en mg/l | E26: 5
B27: 1799 | C27: MS | D27: en g/l | H27: 0.2 | J27: 0.05
B28: Le cacul des écarts analytiques est effectué si l'un des deux ou les deux résultats sont au dessus du seuil de comparaison. L'écart est calculé par rapport à la moyenne des 2 valeurs.

Sheet LimitequantificationSDE
B2: LIMITES DE QUANTIFICATION POUR LES SDE
B4: Code SANDRE | C4: Paramètres | D4: Limites de quantification | E4: Coefficient multiplicateur de la masse rejetée
B5: 1458 | C5: Anthracène | D5: 0,010 µg/l | E5: 100
B6: 1114 | C6: Benzène | D6: 1,0 µg/l | E6: 10
B7: 1115 | C7: Benzo(a)pyrène | D7: 0,010 µg/l | E7: 100
B8: 1116 | C8: Benzo(b)fluoranthène | D8: 0,005 µg/l | E8: 100
B9: 1117 | C9: Benzo(k)fluoranthène | D9: 0,005 µg/l | E9: 100
B10: 1118 | C10: Benzo(ghi)pérylène | D10: 0,005 µg/l | E10: 1000
B11: 6616 | C11: Di(2-éthylhexyl)phtalate DEHP | D11: 1,0 µg/l | E11: 10
B12: 1497 | C12: Ethylbenzène | D12: 1,0 µg/l | E12: 10
B13: 1191 | C13: Fluoranthène | D13: 0,010 µg/l | E13: 100
B14: 1204 | C14: Indeno(1,2,3-cd)pyrène | D14: 0,005 µg/l | E14: 1000
B15: 1517 | C15: Naphtalène | D15: 0,050 µg/l | E15: 10
B16: 6598 | C16: Nonylphénols mélange | D16: 0,5 µg/l | E16: 50
... B20: 1780 | C20: Xylènes | D20: 2 µg/l | E20: 10
